<publishData>
  <publishTarget publishUrl="http://localhost/HelloWorldService">
    <file relUrl="HelloWorldService.HelloWorld.svc" publishTime="02/01/2010 23:47:54" />
    <file relUrl="HelloWorldService.svc" publishTime="02/01/2010 23:28:59" />
    <file relUrl="Web.config" publishTime="02/01/2010 23:47:26" />
    <file relUrl="bin/HelloWorldService.pdb" publishTime="02/01/2010 23:33:12" />
    <file relUrl="bin/HelloWorldService.dll.config" publishTime="02/01/2010 23:47:26" />
    <file relUrl="bin/HelloWorldService.dll" publishTime="02/01/2010 23:33:12" />
  </publishTarget>
</publishData>